site_title,product_name,action,category,pack_sizes_mrp,online_prices,images,flags
Soan Papdi Cardamom,Aachi Soan Papdi Cardamom,update,Snacks & Packaged Foods > Sweets & Mithai > Packaged Mithai,200g ₹75,200g ₹71,2,
Soan Papdi Ghee,Aachi Soan Papdi Ghee,update,Snacks & Packaged Foods > Sweets & Mithai > Packaged Mithai,200g ₹80,200g ₹76,2,
🎁 Free Gift - Oil Dispenser (100% off),Aachi 🎁 Free Gift - Oil Dispenser (100% off),skip (excluded),,,,1,
🎁 Free Gift - Nuts Container large (100% off),Aachi 🎁 Free Gift - Nuts Container large (100% off),skip (excluded),,,,1,
Instant Idiyappam,Aachi Instant Idiyappam,update,Snacks & Packaged Foods > Ready to Eat & Cook > Ready to Eat Meals,200g ₹99,200g ₹94,2,
Lemon Vermicelli,Aachi Lemon Vermicelli,update,Snacks & Packaged Foods > Instant Noodles & Pasta > Vermicelli (Sevai),200g ₹33,200g ₹31.5,2,200g: split from pack of 2
Junior Health Drink Mix,Aachi Junior Health Drink Mix,update,"Beverages > Health & Energy Drinks > Malted Beverages (Bournvita, Horlicks)",200g ₹150,200g ₹143,2,
Crispy Fried Chicken Mix,Aachi Crispy Fried Chicken Mix,update,Grocery & Staples > Spices & Masala > Blended Masala,80g ₹25,80g ₹24,2,80g: split from pack of 2
Chicken Kabab Powder,Aachi Chicken Kabab Powder,update,Grocery & Staples > Spices & Masala > Blended Masala,100g ₹35,100g ₹33,2,
Perfecto Cutting Set,Aachi Perfecto Cutting Set,skip (excluded),,,,1,
Royal Badam Payasam Mix,Aachi Royal Badam Payasam Mix,update,Snacks & Packaged Foods > Sweets & Mithai > Halwa & Sheera,175g ₹135,175g ₹128,2,
Adhirasam Maavu,Aachi Adhirasam Maavu,update,Grocery & Staples > Atta & Flours > Rice Flour,500g ₹99,500g ₹94,2,
Murukku Maavu,Aachi Murukku Maavu,update,Grocery & Staples > Atta & Flours > Rice Flour,500g ₹65,500g ₹62,2,
Rava Kesari Mix,Aachi Rava Kesari Mix,update,Snacks & Packaged Foods > Sweets & Mithai > Halwa & Sheera,180g ₹40,180g ₹38,2,
Mixed Fruit Jam,Aachi Mixed Fruit Jam,update,Grocery & Staples > Sauces & Condiments > Jam & Marmalade,200g ₹45,200g ₹43,3,
Instant Lemon Rice,Aachi Instant Lemon Rice,update,Snacks & Packaged Foods > Ready to Eat & Cook > Ready to Eat Meals,250g ₹118,250g ₹112,3,
Byadagi Chilli Powder,Aachi Byadagi Chilli Powder,update,Grocery & Staples > Spices & Masala > Ground Spices,500g ₹290,500g ₹276,2,
Bread Halwa,Aachi Bread Halwa,update,Snacks & Packaged Foods > Sweets & Mithai > Halwa & Sheera,250g ₹118,250g ₹112,3,
Instant Sambar Rice,Aachi Instant Sambar Rice,update,Snacks & Packaged Foods > Ready to Eat & Cook > Ready to Eat Meals,300g ₹118,300g ₹112,3,
Instant Bisibele Bhath,Aachi Instant Bisibele Bhath,update,Snacks & Packaged Foods > Ready to Eat & Cook > Ready to Eat Meals,300g ₹118,300g ₹112,3,
Instant Pongal,Aachi Instant Pongal,update,Snacks & Packaged Foods > Ready to Eat & Cook > Ready to Eat Meals,300g ₹118,300g ₹112,3,
Instant Veg Pulao,Aachi Instant Veg Pulao,update,Snacks & Packaged Foods > Ready to Eat & Cook > Ready to Eat Meals,250g ₹118,250g ₹112,2,
Instant Chana Masala,Aachi Instant Chana Masala,update,Snacks & Packaged Foods > Ready to Eat & Cook > Ready to Eat Meals,300g ₹118,300g ₹112,2,
Instant Vegetable Biryani,Aachi Instant Vegetable Biryani,update,Snacks & Packaged Foods > Ready to Eat & Cook > Ready to Eat Meals,250g ₹118,250g ₹112,3,
Instant Dal Makhani,Aachi Instant Dal Makhani,update,Snacks & Packaged Foods > Ready to Eat & Cook > Ready to Eat Meals,300g ₹118,300g ₹112,2,
Tomato Garlic Pickle,Aachi Tomato Garlic Pickle,update,Grocery & Staples > Pickles & Chutney > Mixed Pickle,100g ₹50,100g ₹48,3,
Red Chilli Pickle,Aachi Red Chilli Pickle,update,Grocery & Staples > Pickles & Chutney > Chilli Pickle,300g ₹55,300g ₹52,3,
Rava Idly Mix,Aachi Rava Idly Mix,update,Snacks & Packaged Foods > Ready to Eat & Cook > Instant Upma & Poha,500g ₹148,500g ₹141,2,
Dindigul Biryani Masala Paste,Aachi Dindigul Biryani Masala Paste,update,Grocery & Staples > Spices & Masala > Curry Paste & Wet Masala,167g ₹70,167g ₹67,2,167g: out of stock online
Kozhukattai Maavu | Idiyappam Maavu,Aachi Kozhukattai Maavu / Idiyappam Maavu,update,Grocery & Staples > Atta & Flours > Rice Flour,500g ₹56,500g ₹53,3,
Mappillai Samba Rice,Aachi Mappillai Samba Rice,update,Grocery & Staples > Rice > Non-Basmati Rice,1kg ₹200,1kg ₹190,2,
Thooyamalli Rice,Aachi Thooyamalli Rice,update,Grocery & Staples > Rice > Non-Basmati Rice,1kg ₹200,1kg ₹190,2,
Seeraga Samba Rice,Aachi Seeraga Samba Rice,update,Grocery & Staples > Rice > Non-Basmati Rice,1kg ₹300,1kg ₹285,2,
Poongar Rice,Aachi Poongar Rice,update,Grocery & Staples > Rice > Non-Basmati Rice,1kg ₹200,1kg ₹190,2,
Karuppu Kavuni Rice,Aachi Karuppu Kavuni Rice,update,Grocery & Staples > Rice > Non-Basmati Rice,1kg ₹350,1kg ₹333,2,
Palada Payasam Mix,Aachi Palada Payasam Mix,update,Snacks & Packaged Foods > Sweets & Mithai > Halwa & Sheera,175g ₹145,175g ₹138,2,
Hyderabadi Biryani Masala Paste,Aachi Hyderabadi Biryani Masala Paste,update,Grocery & Staples > Spices & Masala > Curry Paste & Wet Masala,177g ₹70,177g ₹67,2,
Paneer Butter Masala,Aachi Paneer Butter Masala,update,Grocery & Staples > Spices & Masala > Blended Masala,50g ₹38,50g ₹36,2,
Ginger Pickle,Aachi Ginger Pickle,update,Grocery & Staples > Pickles & Chutney > Mixed Pickle,200g ₹95,200g ₹90,3,
Dindigul Seeraga Samba Rice Biryani Kit,Aachi Dindigul Seeraga Samba Rice Biryani Kit,update,Snacks & Packaged Foods > Ready to Eat & Cook > Ready to Cook Gravies,365g ₹125,365g ₹119,3,
Chettinadu Biryani Masala Paste,Aachi Chettinadu Biryani Masala Paste,update,Grocery & Staples > Spices & Masala > Curry Paste & Wet Masala,167g ₹70,167g ₹67,2,
Curry Leaf Rice Paste,Aachi Curry Leaf Rice Paste,update,Snacks & Packaged Foods > Ready to Eat & Cook > Ready to Cook Gravies,200g ₹105,200g ₹100,3,
Hotel Sambar Powder,Aachi Hotel Sambar Powder,update,Grocery & Staples > Spices & Masala > Blended Masala,100g ₹60,100g ₹57,2,
Puliyodharai Rice Paste,Aachi Puliyodharai Rice Paste,update,Snacks & Packaged Foods > Ready to Eat & Cook > Ready to Cook Gravies,200g ₹105,200g ₹100,2,
Citron Pickle,Aachi Citron Pickle,update,Grocery & Staples > Pickles & Chutney > Lime Pickle,200g ₹89,200g ₹85,2,
Chicken Masala,Aachi Chicken Masala,update,Grocery & Staples > Spices & Masala > Blended Masala,500g ₹295 | 200g ₹119 | 100g ₹60,500g ₹280 | 200g ₹113 | 100g ₹57,3,
Pure Ghee,Aachi Pure Ghee,update,Grocery & Staples > Ghee > Cow Ghee,1L ₹1040 | 500ml ₹544 | 200ml ₹213,1L ₹988 | 500ml ₹517 | 200ml ₹202,3,
Ragi Flour,Aachi Ragi Flour,update,Grocery & Staples > Atta & Flours > Ragi Flour,500g ₹50,500g ₹48,2,500g: out of stock online
Vatha Kulambu Rice Paste,Aachi Vatha Kulambu Rice Paste,update,Snacks & Packaged Foods > Ready to Eat & Cook > Ready to Cook Gravies,200g ₹105,200g ₹100,3,
Vatha Kulambu Masala,Aachi Vatha Kulambu Masala,update,Grocery & Staples > Spices & Masala > Blended Masala,50g ₹30,50g ₹28.5,2,50g: split from pack of 2
Turmeric Powder,Aachi Turmeric Powder,update,Grocery & Staples > Spices & Masala > Ground Spices,200g ₹84 | 100g ₹42,200g ₹80 | 100g ₹40,3,
Tomato Rice Powder,Aachi Tomato Rice Powder,update,Snacks & Packaged Foods > Ready to Eat & Cook > Ready to Cook Gravies,50g ₹22,50g ₹21,2,50g: split from pack of 3
Tomato Rice Paste,Aachi Tomato Rice Paste,update,Snacks & Packaged Foods > Ready to Eat & Cook > Ready to Cook Gravies,200g ₹105,200g ₹100,3,
Tomato Garlic Rice Paste,Aachi Tomato Garlic Rice Paste,update,Snacks & Packaged Foods > Ready to Eat & Cook > Ready to Cook Gravies,200g ₹105,200g ₹100,3,
Spicy Sambar Powder,Aachi Spicy Sambar Powder,update,Grocery & Staples > Spices & Masala > Blended Masala,100g ₹60,100g ₹57,2,
Chilli Powder,Aachi Chilli Powder,update,Grocery & Staples > Spices & Masala > Ground Spices,500g ₹275 | 100g ₹52 | 200g ₹108,500g ₹261 | 100g ₹49 | 200g ₹103,3,
Schezwan Fried Rice Powder (pack of 6),Aachi Schezwan Fried Rice Powder,update,Snacks & Packaged Foods > Ready to Eat & Cook > Ready to Cook Gravies,6 x 15g ₹60,6 x 15g ₹57,2,6 x 15g: out of stock online
Sambar Powder,Aachi Sambar Powder,update,Grocery & Staples > Spices & Masala > Blended Masala,500g ₹310 | 200g ₹134,500g ₹295 | 200g ₹127,3,
Sabji Masala,Aachi Sabji Masala,update,Grocery & Staples > Spices & Masala > Blended Masala,50g ₹38,50g ₹36,2,
Royal Semiya Payasam Mix,Aachi Royal Semiya Payasam Mix,update,Snacks & Packaged Foods > Sweets & Mithai > Halwa & Sheera,175g ₹135 | 100g ₹85,175g ₹128 | 100g ₹81,3,
Royal Gulab Jamun Mix,Aachi Royal Gulab Jamun Mix,update,Snacks & Packaged Foods > Sweets & Mithai > Rasgulla & Gulab Jamun,175g ₹135,175g ₹128,2,
Roasted Short Vermicelli,Aachi Roasted Short Vermicelli,update,Snacks & Packaged Foods > Instant Noodles & Pasta > Vermicelli (Sevai),180g ₹24,180g ₹23,2,180g: split from pack of 2
Ragi Vermicelli,Aachi Ragi Vermicelli,update,Snacks & Packaged Foods > Instant Noodles & Pasta > Vermicelli (Sevai),180g ₹29,180g ₹27.5,2,180g: split from pack of 2
Puliyogare Powder,Aachi Puliyogare Powder,update,Snacks & Packaged Foods > Ready to Eat & Cook > Ready to Cook Gravies,100g ₹80,100g ₹76,2,
Pudhina Thokku,Aachi Pudhina Thokku,update,Grocery & Staples > Pickles & Chutney > Chutney,200g ₹105,200g ₹100,2,
Pepper Powder,Aachi Pepper Powder,update,Grocery & Staples > Spices & Masala > Ground Spices,100g ₹160 | 50g ₹80,100g ₹152 | 50g ₹76,3,
Pepper Chicken Masala,Aachi Pepper Chicken Masala,update,Grocery & Staples > Spices & Masala > Blended Masala,50g ₹45,50g ₹43,2,50g: split from pack of 2
Pav Bhaji Masala,Aachi Pav Bhaji Masala,update,Grocery & Staples > Spices & Masala > Blended Masala,50g ₹46,50g ₹44,2,
Pani Puri Masala,Aachi Pani Puri Masala,update,Grocery & Staples > Spices & Masala > Blended Masala,50g ₹40,50g ₹38,2,
Pani Puri Kit,Aachi Pani Puri Kit,update,Snacks & Packaged Foods > Ready to Eat & Cook > Ready to Cook Gravies,266g ₹79 | 133g ₹49,266g ₹75 | 133g ₹47,3,
Original Fried Rice Powder (pack of 6),Aachi Original Fried Rice Powder,update,Snacks & Packaged Foods > Ready to Eat & Cook > Ready to Cook Gravies,6 x 15g ₹60,6 x 15g ₹57,2,
Nattu Kozhi Masala,Aachi Nattu Kozhi Masala,update,Grocery & Staples > Spices & Masala > Blended Masala,50g ₹30,50g ₹28.5,2,50g: split from pack of 2
Mixed Veg Pickle,Aachi Mixed Veg Pickle,update,Grocery & Staples > Pickles & Chutney > Mixed Pickle,200g ₹89,200g ₹85,2,
Meat Masala,Aachi Meat Masala,update,Grocery & Staples > Spices & Masala > Blended Masala,50g ₹47,50g ₹45,2,
Mango Ginger Pickle,Aachi Mango Ginger Pickle,update,Grocery & Staples > Pickles & Chutney > Mixed Pickle,200g ₹89,200g ₹85,3,
Lime Pickle,Aachi Lime Pickle,update,Grocery & Staples > Pickles & Chutney > Lime Pickle,200g ₹89 | 300g ₹47,200g ₹85 | 300g ₹45,3,300g: out of stock online; 300g MRP ₹47 < 200g MRP ₹89
Kulambu Chilli Masala,Aachi Kulambu Chilli Masala,update,Grocery & Staples > Spices & Masala > Blended Masala,500g ₹216 | 200g ₹90 | 1kg ₹440 | 100g ₹44,500g ₹205 | 200g ₹86 | 1kg ₹418 | 100g ₹42,3,
Kitchen king Masala,Aachi Kitchen king Masala,update,Grocery & Staples > Spices & Masala > Blended Masala,50g ₹46,50g ₹44,2,
Kasuri Methi,Aachi Kasuri Methi,update,Grocery & Staples > Spices & Masala > Herbs & Seasonings,50g ₹50,50g ₹48,3,
Kashmiri Chilli Powder,Aachi Kashmiri Chilli Powder,update,Grocery & Staples > Spices & Masala > Ground Spices,100g ₹126 | 50g ₹62,100g ₹120 | 50g ₹59,3,
Idly Chilli Powder,Aachi Idly Chilli Powder,update,Grocery & Staples > Spices & Masala > Blended Masala,100g ₹45 | 200g ₹100 | 500g ₹230,100g ₹43 | 200g ₹95 | 500g ₹219,3,
Idicha Sambar Powder,Aachi Idicha Sambar Powder,update,Grocery & Staples > Spices & Masala > Blended Masala,100g ₹60 | 50g ₹30,100g ₹57 | 50g ₹29,3,
Hyderabadi Basmati Biryani Kit,Aachi Hyderabadi Basmati Biryani Kit,update,Snacks & Packaged Foods > Ready to Eat & Cook > Ready to Cook Gravies,375g ₹125,375g ₹119,2,
Health Mix,Aachi Health Mix,update,Snacks & Packaged Foods > Breakfast Cereals & Muesli > Porridge & Daliya,500g ₹289 | 200g ₹159,500g ₹275 | 200g ₹151,3,
Green Chilli Pickle,Aachi Green Chilli Pickle,update,Grocery & Staples > Pickles & Chutney > Chilli Pickle,200g ₹89,200g ₹85,3,
Gongura Pickle,Aachi Gongura Pickle,update,Grocery & Staples > Pickles & Chutney > Mixed Pickle,200g ₹89,200g ₹85,3,
Gobi 65 Masala,Aachi Gobi 65 Masala,update,Grocery & Staples > Spices & Masala > Blended Masala,50g ₹20,50g ₹19,2,50g: split from pack of 3
Ginger Garlic Paste,Aachi Ginger Garlic Paste,update,Grocery & Staples > Spices & Masala > Curry Paste & Wet Masala,100g ₹23,100g ₹22,2,100g: split from pack of 2
Garlic Pickle,Aachi Garlic Pickle,update,Grocery & Staples > Pickles & Chutney > Mixed Pickle,200g ₹95 | 1kg ₹250 | 500g ₹130,200g ₹90 | 1kg ₹238 | 500g ₹124,3,
Garam Masala,Aachi Garam Masala,update,Grocery & Staples > Spices & Masala > Blended Masala,500g ₹385 | 100g ₹78,500g ₹366 | 100g ₹74,3,
Fish Fry Masala,Aachi Fish Fry Masala,update,Grocery & Staples > Spices & Masala > Blended Masala,100g ₹78 | 50g ₹40,100g ₹74 | 50g ₹38,3,
Fish Curry Masala,Aachi Fish Curry Masala,update,Grocery & Staples > Spices & Masala > Blended Masala,100g ₹56 | 50g ₹26,100g ₹53 | 50g ₹25,3,100g: out of stock online
Fennel Powder,Aachi Fennel Powder,update,Grocery & Staples > Spices & Masala > Ground Spices,100g ₹42,100g ₹40,2,
Egg Curry Masala,Aachi Egg Curry Masala,update,Grocery & Staples > Spices & Masala > Blended Masala,50g ₹35,50g ₹33.5,2,50g: split from pack of 2
Dindigul Biryani Masala,Aachi Dindigul Biryani Masala,update,Grocery & Staples > Spices & Masala > Blended Masala,50g ₹40,50g ₹38,2,50g: split from pack of 2
Cut Mango Pickle,Aachi Cut Mango Pickle,update,Grocery & Staples > Pickles & Chutney > Mango Pickle,200g ₹89 | 1kg ₹250,200g ₹85 | 1kg ₹238,3,
Curry Masala,Aachi Curry Masala,update,Grocery & Staples > Spices & Masala > Blended Masala,100g ₹72,100g ₹68,2,
Cumin Powder,Aachi Cumin Powder,update,Grocery & Staples > Spices & Masala > Ground Spices,100g ₹70,100g ₹67,2,
Coriander Powder,Aachi Coriander Powder,update,Grocery & Staples > Spices & Masala > Ground Spices,500g ₹220 | 50g ₹16 | 100g ₹36,500g ₹209 | 50g ₹15 | 100g ₹34,3,50g: split from pack of 2
Coriander Thokku,Aachi Coriander Thokku,update,Grocery & Staples > Pickles & Chutney > Chutney,200g ₹105,200g ₹100,2,
Chilli Chicken Masala,Aachi Chilli Chicken Masala,update,Grocery & Staples > Spices & Masala > Blended Masala,100g ₹85,100g ₹81,2,
Chicken 65 Masala,Aachi Chicken 65 Masala,update,Grocery & Staples > Spices & Masala > Blended Masala,500g ₹440 | 200g ₹185 | 100g ₹85,500g ₹418 | 200g ₹176 | 100g ₹81,3,100g: out of stock online
Chettinad Chicken Biryani Masala,Aachi Chettinad Chicken Biryani Masala,update,Grocery & Staples > Spices & Masala > Blended Masala,50g ₹40,50g ₹38,2,50g: split from pack of 2
Chettinadu Basmati Biryani Kit,Aachi Chettinadu Basmati Biryani Kit,update,Snacks & Packaged Foods > Ready to Eat & Cook > Ready to Cook Gravies,365g ₹125,365g ₹119,2,
Chemba Puttu Powder,Aachi Chemba Puttu Powder,update,Grocery & Staples > Atta & Flours > Rice Flour,500g ₹55,500g ₹52,2,
Chana Masala,Aachi Chana Masala,update,Grocery & Staples > Spices & Masala > Blended Masala,50g ₹30,50g ₹29,2,
Chaat Masala,Aachi Chaat Masala,update,Grocery & Staples > Spices & Masala > Blended Masala,50g ₹25,50g ₹24,2,
Bajji Bonda Powder,Aachi Bajji Bonda Powder,update,Grocery & Staples > Atta & Flours > Besan (Gram Flour),500g ₹90 | 200g ₹36,500g ₹86 | 200g ₹34,3,
Asafoetida Powder,Aachi Asafoetida Powder,update,Grocery & Staples > Spices & Masala > Ground Spices,50g ₹99,50g ₹94,2,
Rice Puttu Powder,Aachi Rice Puttu Powder,update,Grocery & Staples > Atta & Flours > Rice Flour,500g ₹48,500g ₹46,2,
Vermicelli,Aachi Vermicelli,update,Snacks & Packaged Foods > Instant Noodles & Pasta > Vermicelli (Sevai),400g ₹45,400g ₹43,2,400g: split from pack of 2
Tomato Pickle,Aachi Tomato Pickle,update,Grocery & Staples > Pickles & Chutney > Mixed Pickle,200g ₹89,200g ₹85,2,
Rasam Powder,Aachi Rasam Powder,update,Grocery & Staples > Spices & Masala > Blended Masala,100g ₹82,100g ₹78,2,
Tamarind Rice Powder,Aachi Tamarind Rice Powder,update,Snacks & Packaged Foods > Ready to Eat & Cook > Ready to Cook Gravies,100g ₹52,100g ₹49,2,
Mutton Masala,Aachi Mutton Masala,update,Grocery & Staples > Spices & Masala > Blended Masala,200g ₹164 | 100g ₹74,200g ₹156 | 100g ₹70,3,
Mango Thokku Pickle,Aachi Mango Thokku Pickle,update,Grocery & Staples > Pickles & Chutney > Mango Pickle,1kg ₹250 | 200g ₹89,1kg ₹238 | 200g ₹85,3,
Madras Sambar Powder,Aachi Madras Sambar Powder,update,Grocery & Staples > Spices & Masala > Blended Masala,100g ₹60,100g ₹57,2,
Lemon Rice Powder,Aachi Lemon Rice Powder,update,Snacks & Packaged Foods > Ready to Eat & Cook > Ready to Cook Gravies,50g ₹22,50g ₹21,2,50g: split from pack of 2
Lemon Rice Paste,Aachi Lemon Rice Paste,update,Snacks & Packaged Foods > Ready to Eat & Cook > Ready to Cook Gravies,200g ₹105,200g ₹100,2,200g: out of stock online
Biryani Masala,Aachi Biryani Masala,update,Grocery & Staples > Spices & Masala > Blended Masala,200g ₹181 | 100g ₹90 | 50g ₹39,200g ₹172 | 100g ₹86 | 50g ₹37,3,
Badam Drink Mix,Aachi Badam Drink Mix,update,"Beverages > Health & Energy Drinks > Malted Beverages (Bournvita, Horlicks)",175g ₹165 | 100g ₹95,175g ₹157 | 100g ₹90,3,
Mango Avakkai Pickle,Aachi Mango Avakkai Pickle,update,Grocery & Staples > Pickles & Chutney > Mango Pickle,200g ₹89 | 300g ₹55,200g ₹85 | 300g ₹52,3,300g MRP ₹55 < 200g MRP ₹89
Appalam,Aachi Appalam,update,Grocery & Staples > Papad & Fryums > Fryums & Appalam,100g ₹45 | 200g ₹90,100g ₹43 | 200g ₹86,3,
